assay_id,sample_id,gene,ct_value,replicate
A001,S001,TP53,24.5,1
A002,S001,TP53,24.8,2
A003,S001,BRCA1,28.1,1
A004,S001,EGFR,22.3,1
A005,S002,TP53,31.2,1
A006,S002,BRCA1,30.5,1
A007,S002,EGFR,29.8,1
A008,S003,TP53,23.9,1
A009,S003,TP53,24.1,2
A010,S003,TP53,23.7,3
A011,S003,EGFR,21.5,1
A012,S004,TP53,32.0,1
A013,S004,BRCA1,31.1,1
A014,S005,BRCA1,25.4,1
A015,S005,BRCA1,25.9,2
A016,S005,EGFR,23.0,1
A017,S005,TP53,26.2,1
A018,S006,BRCA1,30.8,1
A019,S006,EGFR,29.5,1
A020,S007,TP53,22.8,1
A021,S007,EGFR,20.9,1
A022,S007,EGFR,21.2,2
A023,S008,TP53,25.1,1
A024,S008,BRCA1,27.3,1
A025,S009,EGFR,24.6,1
A026,S009,TP53,27.0,1
A027,S009,TP53,27.4,2
A028,S010,EGFR,30.1,1
A029,S010,BRCA1,31.5,1
A030,S011,TP53,33.2,1
A031,S011,EGFR,32.4,1
